<?xml version="1.0" encoding="UTF-8"?>
<content xmlns:j="http://www.jahia.org/jahia/1.0" xmlns:jcr="http://www.jcp.org/jcr/1.0">
    <modules jcr:primaryType="jnt:modules">
        <business-directory j:dependencies="bootstrap bootstrap-components default location"
                            j:modulePriority="0"
                            j:moduleType="module"
                            j:title="Business Directory"
                            jcr:mixinTypes="jmix:hasExternalProviderExtension"
                            jcr:primaryType="jnt:module">

            <portlets jcr:primaryType="jnt:portletFolder"/>
            <files jcr:primaryType="jnt:folder"/>
            <contents jcr:primaryType="jnt:contentFolder"/>
            <templates j:rootTemplatePath="/base" jcr:primaryType="jnt:templatesFolder">
                <files jcr:primaryType="jnt:folder"/>
                <contents jcr:primaryType="jnt:contentFolder"/>
                    <employee-details j:applyOn="busdirnt:employee jnt:user"
                                  j:defaultTemplate="true"
                                  j:hiddenTemplate="false"
                              j:priority="100"
                                  jcr:primaryType="jnt:contentTemplate">
                    <j:translation_en jcr:language="en"
                                      jcr:mixinTypes="mix:title"
                                      jcr:primaryType="jnt:translation"
                                      jcr:title="Employee details"/>
                    <pagecontent jcr:primaryType="jnt:contentList">
                        <bootstrap-container fluid="true" jcr:primaryType="jnt:bootstrapContainer">
                            <bootstrap-container jcr:primaryType="jnt:contentList">
                                    <main-resource-display j:mainResourceView="detail" jcr:primaryType="jnt:mainResourceDisplay"/>
                                <back jcr:primaryType="jnt:backToParentPage">
                                    <j:translation_en jcr:language="en"
                                                      jcr:mixinTypes="mix:title"
                                                      jcr:primaryType="jnt:translation"
                                                      jcr:title="Back"/>
                                </back>
                            </bootstrap-container>
                        </bootstrap-container>
                    </pagecontent>
                </employee-details>
                    <team-details j:applyOn="busdirnt:team busdirnt:teamPoc"
                              j:defaultTemplate="true"
                              j:hiddenTemplate="false"
                              jcr:primaryType="jnt:contentTemplate">
                    <j:translation_en jcr:language="en"
                                      jcr:mixinTypes="mix:title"
                                      jcr:primaryType="jnt:translation"
                                      jcr:title="Team details"/>
                    <pagecontent jcr:primaryType="jnt:contentList">
                        <bootstrap-container fluid="true" jcr:primaryType="jnt:bootstrapContainer">
                            <bootstrap-container jcr:primaryType="jnt:contentList">
                                    <main-resource-display j:mainResourceView="detail" jcr:primaryType="jnt:mainResourceDisplay"/>
                                <back jcr:primaryType="jnt:backToParentPage">
                                    <j:translation_en jcr:language="en"
                                                      jcr:mixinTypes="mix:title"
                                                      jcr:primaryType="jnt:translation"
                                                      jcr:title="Back"/>
                                </back>
                            </bootstrap-container>
                        </bootstrap-container>
                    </pagecontent>
                </team-details>
                <updateform j:applyOn="busdirnt:employee"
                            j:defaultTemplate="false"
                            j:hiddenTemplate="false"
                            jcr:primaryType="jnt:contentTemplate">
                    <j:translation_en jcr:language="en"
                                      jcr:mixinTypes="mix:title"
                                      jcr:primaryType="jnt:translation"
                                      jcr:title="updateForm"/>
                    <pagecontent jcr:primaryType="jnt:contentList">
                            <bootstrap-container fluid="true" jcr:primaryType="jnt:bootstrapContainer">
                                <bootstrap-container jcr:primaryType="jnt:contentList">
                        <main-resource-display j:mainResourceView="updateForm"
                                               jcr:primaryType="jnt:mainResourceDisplay"/>
                                </bootstrap-container>
                            </bootstrap-container>
                    </pagecontent>
                </updateform>
                    <agency-details j:applyOn="busdirnt:agency"
                            j:defaultTemplate="true"
                            j:hiddenTemplate="false"
                            j:priority="50"
                            jcr:primaryType="jnt:contentTemplate">
                        <j:translation_en jcr:language="en"
                                 jcr:mixinTypes="mix:title"
                                 jcr:primaryType="jnt:translation"
                                 jcr:title="Agency details"/>
                        <pagecontent jcr:primaryType="jnt:contentList">
                            <bootstrap-container fluid="true"
                                       j:workInProgress="false"
                                       jcr:primaryType="jnt:bootstrapContainer">
                                <bootstrap-container jcr:primaryType="jnt:contentList">
                                    <main-resource-display j:mainResourceView="detail" jcr:primaryType="jnt:mainResourceDisplay"/>
                                    <agency-location j:bindedComponent="/modules/business-directory/templates/agency-details/pagecontent/bootstrap-container/bootstrap-container/main-resource-display"
                                         j:height="300"
                                         j:mapType="roadmap"
                                         j:width="500"
                                         j:zoom="1"
                                         jcr:primaryType="jnt:map">
                                        <j:translation_en jcr:language="en"
                                             jcr:primaryType="jnt:translation"
                                             jcr:title="Agency location"/>
                                    </agency-location>
                                    <back-to-parent-page jcr:primaryType="jnt:backToParentPage">
                                        <j:translation_en j:workInProgress="false"
                                             jcr:language="en"
                                             jcr:mixinTypes="mix:title"
                                             jcr:primaryType="jnt:translation"
                                             jcr:title="Back"/>
                                    </back-to-parent-page>
                            </bootstrap-container>
                            </bootstrap-container>
                        </pagecontent>
                    </agency-details>
                    <employee-update j:applyOn="busdirnt:employee"
                             j:defaultTemplate="false"
                             j:hiddenTemplate="false"
                             j:priority="25"
                             jcr:primaryType="jnt:contentTemplate">
                        <j:translation_fr j:workInProgress="false"
                                 jcr:language="fr"
                                 jcr:mixinTypes="mix:title"
                                 jcr:primaryType="jnt:translation"
                                 jcr:title="employee-update"/>
                        <pagecontent jcr:primaryType="jnt:contentList">
                            <bootstrap-container fluid="true" jcr:primaryType="jnt:bootstrapContainer">
                                <bootstrap-container jcr:primaryType="jnt:contentList">
                            <main-resource-display j:mainResourceView="updateForm"
                                         jcr:primaryType="jnt:mainResourceDisplay"/>
                                    <back jcr:primaryType="jnt:backToParentPage">
                                        <j:translation_fr jcr:language="fr"
                                             jcr:mixinTypes="mix:title"
                                             jcr:primaryType="jnt:translation"
                                             jcr:title="Back"/>
                                    </back>
                            </bootstrap-container>
                            </bootstrap-container>
                        </pagecontent>
                    </employee-update>
            </templates>
                
        </business-directory>
    </modules>
</content>
